User ID,Name,Recency,Frequency,Monetary,R_score,F_score,M_score
11f207c2-0113-47e5-aa9a-df2c7b91ac75,Johnnie Root,1 days,94,3800.0,3.0,3,3
13f0db8a-152a-496f-a6e8-1ed6a90b8788,Erin Carroll,0 days,145,5663.0,3.0,3,3
31cfc138-cec0-4176-bd6d-79c4cadbb1d4,Timothy Call,1 days,120,5097.0,3.0,3,3
3455a646-398f-4b16-b19a-1371cdb2e048,Angela Dunn,1 days,120,4783.0,3.0,3,3
3956593b-7739-426a-b7a5-e841c95a5df9,Richard Uhlig,1 days,123,5254.0,3.0,3,3
4793cc6d-be60-42cc-bfd4-7ce8fd4d0eab,Patricia Brown,1 days,96,3560.0,3.0,3,3
4c0558bc-b0d9-44b0-8b70-5fc6acb6c362,Henry Mester,0 days,99,4182.0,3.0,3,3
5b62e10e-3c19-4d28-a57c-e9bdc3d6758d,Elvin Gehrke,0 days,150,6162.0,3.0,3,3
5ffd8b51-164e-47e2-885e-8b8c46eb63ed,Ruth Nemoede,2 days,92,3680.0,3.0,3,3
64b82ed5-80dc-4fbb-9dfc-d7e037684f0e,Daniel Ibara,1 days,113,4308.0,3.0,3,3
683d880b-3ccf-4f4d-8182-96e7a7a884bd,Sheila Liberty,1 days,101,3933.0,3.0,3,3
6fd58dea-315a-4ab2-8023-424a6ff455cd,Elaine Brown,0 days,88,3576.0,3.0,3,3
72d2587e-8fae-4626-a73d-352e6465ba0f,Charles Tanimoto,2 days,135,5138.0,3.0,3,3
7adafb3c-7c7c-492b-be5b-5ddd9ff1316a,April Bitner,1 days,118,4416.0,3.0,3,3
8abcf667-7be3-439f-97bb-3375a3de366c,Carlos Cobb,1 days,100,4026.0,3.0,3,3
b473e898-b7b0-4a57-959d-484bf4cc4483,Lee Horn,2 days,152,6030.0,3.0,3,3
bfe23c39-f814-4282-b0f7-506cd8295b8a,Lisa Kreiter,0 days,160,6198.0,3.0,3,3
c64c5004-6ab5-4faa-9fcd-8039fe57799d,Jeffery Pedrick,0 days,100,4018.0,3.0,3,3
d0ea9a00-4ea9-4c81-b16a-a20b72f824ea,Phillip Johnson,1 days,102,4078.0,3.0,3,3
e09aa625-3db7-49bd-be09-9aaa0c86a8bf,Matthew Perkins,2 days,108,4413.0,3.0,3,3
f25dc445-de4a-47ee-92a4-0ff29c56656d,Jamie Thomas,2 days,136,5301.0,3.0,3,3
b3e73328-3638-4913-b7ae-3a6a64c1cd62,Albert Rutherford,0 days,100,3327.0,3.0,3,2
4bcb2c2e-36ed-4d5d-90a1-440993e9f6d2,John Emery,0 days,84,3889.0,3.0,2,3
bec3a622-1373-49c2-9d57-e0281c34f5cf,Stacey Fritz,1 days,83,3581.0,3.0,2,3
ded166ee-173b-4a56-bc6d-464c35709670,Susan Hopp,1 days,87,3493.0,3.0,2,3
fe224147-e893-4178-b46e-b12f22bd7ed1,Robert Watkins,0 days,86,3508.0,3.0,2,3
084eb113-0d87-4ae5-891b-2ec7f1e194a8,Crystal Nilson,1 days,80,2784.0,3.0,2,2
0873e9a7-234a-4096-a92a-8dc7a03eb0c5,Robert Marco,0 days,74,2795.0,3.0,2,2
1d8dfb6a-330c-4eb9-a603-364f207c6e57,Elizabeth Reinwald,0 days,82,3344.0,3.0,2,2
33c1cee6-ae56-4f8e-84fc-ee0a4b7bbf4c,Jenny Young,1 days,77,2813.0,3.0,2,2
374634b7-aead-4f2f-9303-c15f456c4094,Gerald Cager,2 days,77,3411.0,3.0,2,2
425b7021-0409-4358-af39-2bff14197d0a,Christa Thomas,1 days,77,3227.0,3.0,2,2
561b08d6-1084-4115-933d-db3e60edfd8b,Alma West,2 days,69,2460.0,3.0,2,2
6178d76a-af2e-4453-93ee-02ca23ed3fdc,Jose Hughes,1 days,71,3261.0,3.0,2,2
66663a0d-856f-487f-a2a2-258af21ab3e5,Eva Fontenot,1 days,75,2882.0,3.0,2,2
7be6e8bc-39b0-4035-ac93-1df8fd7e1928,Barbara Porter,2 days,83,3236.0,3.0,2,2
8d3661fd-d953-4c1b-857d-82b3e34f569e,Peter Oliver,1 days,74,2823.0,3.0,2,2
b9bcd994-f000-4f6b-87fc-caae08acfaa1,Ruth Noriega,2 days,72,3156.0,3.0,2,2
d1a89d23-7d17-4949-9e1a-637317141f3d,Noah Guilliam,1 days,67,2512.0,3.0,2,2
d47fd6cf-20fa-45fe-97a1-b8aca043c9a8,Natasha Hazelwood,1 days,76,3027.0,3.0,2,2
e8493c32-7f6f-4e57-a691-cf0df6f015c9,Elizabeth Holmes,2 days,86,3334.0,3.0,2,2
5d04455b-a95e-40d8-bcd4-8c485777c47f,Deborah Nealy,1 days,65,2378.0,3.0,2,1
90e2caab-9daa-4bf0-8104-c25e6c70c59d,Kecia Jensen,1 days,66,2303.0,3.0,2,1
a559688e-3f10-436f-a25e-8ad553eacb89,Kari Jones,2 days,58,2457.0,3.0,1,2
0ce03276-e538-4c96-bcae-9844fb0628ac,Oliver Kirby,0 days,51,2025.0,3.0,1,1
20d507a0-fdba-4c04-a30c-bd18273accdc,Ellen Gustafson,0 days,52,1747.0,3.0,1,1
24789387-968b-425a-8836-14e243cda16c,Margaret Williams,2 days,45,1686.0,3.0,1,1
286516cf-d236-40de-8d28-7d0bd173125d,Carolyn Gonzalez,1 days,58,2373.0,3.0,1,1
3a80467c-0f1f-49ca-b904-1938ea2177a9,Evelina Pena,0 days,54,2420.0,3.0,1,1
3f218ab6-a288-4ee8-affc-3d02a9cbff5f,Judy Bailey,1 days,44,2041.0,3.0,1,1
41cd692a-be3c-4acd-a2c8-184586bdc180,Lawrence Hall,1 days,43,1709.0,3.0,1,1
76a034b7-e163-4735-a15b-b0ff645ca627,Robert Carrillo,2 days,46,2100.0,3.0,1,1
80fc5e28-17ac-4e79-b9df-0d500abbe8b5,Ernestine Tart,1 days,42,1866.0,3.0,1,1
953cb190-5704-4926-adc2-057c6f3e3cb4,Mario Phelps,2 days,61,2263.0,3.0,1,1
b870b764-7447-4990-a8d4-024d33e0e67d,Manuel Powell,1 days,47,1891.0,3.0,1,1
beb1f34e-7870-46d6-9fc7-2e12eb83ce43,Linda Mcclurg,2 days,52,1915.0,3.0,1,1
cb97b0ea-fc93-4597-b391-846710c6fedc,Jordan Cloe,1 days,54,2027.0,3.0,1,1
de050611-e926-43bb-b1ea-502d8bd25bfc,Karen Rios,2 days,59,2362.0,3.0,1,1
e69d9ade-20e5-4e31-bc70-5a46556c530f,Rhoda Thomas,1 days,43,1799.0,3.0,1,1
8d3cd87d-8a31-4935-9a4f-b319bfe05f31,Laura Rodriguez,1 days,41,1176.0,3.0,1,0
5ad56e97-58f6-4e66-9b8f-5c16358a9a97,Darlene Kovacs,1 days,39,1809.0,3.0,0,1
a4fd7920-9edf-4930-84bd-7a38b3bf9cec,Wayne Calabrese,1 days,37,1727.0,3.0,0,1
c1e01541-7508-4712-a22c-0370f232a41e,Jason Meehleder,1 days,39,1601.0,3.0,0,1
fe15963d-0a77-4247-9bc6-04e146b826b2,Gary Scott,0 days,39,1713.0,3.0,0,1
225f147b-0951-40a8-96fb-2ceba9f3153a,Russell Morris,2 days,23,983.0,3.0,0,0
2f112802-2501-45b5-a9d9-470cda6ef23e,Laverne Jones,2 days,35,1157.0,3.0,0,0
76cb4dbe-7748-49ab-8179-6e3f3b840dd6,Helen Shull,2 days,18,832.0,3.0,0,0
85503a94-e733-486e-989e-12ff9b59f2d3,Doyle Miller,0 days,33,1325.0,3.0,0,0
8665a934-dc22-482b-9289-2e2c9d6a4095,Gavin Anderson,2 days,4,210.0,3.0,0,0
95258c36-5b6b-4591-85ee-0c43f503c1d5,Michael Deering,1 days,30,1003.0,3.0,0,0
9ce133df-bd87-4559-96d7-a402add824ca,Yen Bruton,1 days,36,1443.0,3.0,0,0
a483c273-aee5-44bc-883e-d6963157aa4c,Brian Collins,2 days,26,1118.0,3.0,0,0
a81df767-7da1-4844-b63c-fee4c9c7895d,Lee Francis,1 days,40,1289.0,3.0,0,0
a92660de-2154-4694-a86e-88cb81c8ea95,Sarah Alexander,0 days,25,1087.0,3.0,0,0
afab7336-04d3-45fe-8917-0327c56e7435,Angela Ivie,2 days,30,1405.0,3.0,0,0
b3a84639-5a4f-4c97-8ea8-2ac49882e27a,Ruth Ortega,2 days,40,1557.0,3.0,0,0
b9480379-4b96-412c-8dca-96fff9ae81a3,Everett Vance,2 days,40,1545.0,3.0,0,0
ce9b41f4-625e-4868-83d1-6b53767a8af5,Dewey Sibley,0 days,25,820.0,3.0,0,0
d81dc9d9-a614-40f1-9dd4-7a4a05bac243,Oscar Murphy,2 days,20,757.0,3.0,0,0
da97952a-2eba-46c4-a19e-3df3c40a1524,Rhoda Lopez,1 days,30,1219.0,3.0,0,0
db392b86-6ba5-4a9b-933a-a2553488bb62,Reta Brown,1 days,31,1378.0,3.0,0,0
e57c1d53-11ce-4df6-bb4b-85647776fd6d,John Bayly,2 days,23,1095.0,3.0,0,0
ed1c744d-8561-4b41-b83c-7bf554fbca97,Martha Heaps,1 days,24,839.0,3.0,0,0
f3eb7ee0-7788-43a0-9686-1c399260b17e,Michael Kenoyer,2 days,38,1517.0,3.0,0,0
0a1cde57-79ab-4c61-b664-1d3b290b43cf,Tara Cruz,4 days,98,4242.0,2.0,3,3
330ded4b-db65-485a-80a4-6b3bffd33067,Zoe Smith,4 days,122,4788.0,2.0,3,3
69532ce2-1ffe-4187-8042-0230d115b24e,Daryl Owens,3 days,125,4243.0,2.0,3,3
7a85fbc6-253f-4552-9f4a-c1a332e14fa5,Hazel Andrade,3 days,97,3743.0,2.0,3,3
9be473d9-cfdf-4954-bae2-09b0555a8ebb,Elisabeth Stewart,4 days,97,3506.0,2.0,3,3
a90c3ed2-7c64-47c3-9da5-b10d05f6f9f2,Paula Gookin,5 days,107,4079.0,2.0,3,3
acfcd174-178c-4af3-8118-5be702fb80cf,Shirley Riggan,4 days,99,3603.0,2.0,3,3
b143cd2b-20b1-4e9c-9bb7-cfb359b33d01,Judy Cobbley,3 days,119,4346.0,2.0,3,3
132b1407-16fa-48f8-8112-3e426974bbb7,Leonard Lavigne,5 days,89,3263.0,2.0,3,2
311d7214-711f-4f66-bc9a-e835fa54ffb6,Sandra Gutierrez,4 days,82,3588.0,2.0,2,3
1879b698-1639-438e-a07e-ddd735f8d57c,Gregory Snow,3 days,69,2649.0,2.0,2,2
2dd186bb-7a28-4e80-99c7-f1936afc7b49,Benita Brady,3 days,71,2965.0,2.0,2,2
48bed4d7-0329-472c-96d9-b23a103eb834,Mark Henderson,3 days,68,2702.0,2.0,2,2
57617bf3-b7d0-49cb-8d88-7d8346656397,Alexander Danker,3 days,69,2865.0,2.0,2,2
7240bf9b-7424-4c04-aab1-1d7aa39964d9,Jerry Keeton,5 days,74,2927.0,2.0,2,2
87026ce7-fd0b-4b57-9126-d4bae2c1ee0e,Michelle Phillips,3 days,76,3158.0,2.0,2,2
8dda1a41-9e57-4944-bd36-18c0ac343b13,Dinah Kelly,3 days,79,3399.0,2.0,2,2
91bec0ab-a8d4-421e-b333-e511c7c6f9a0,Shela Phifer,3 days,74,2732.0,2.0,2,2
941db1b1-270d-47f8-8a96-43f5a7481f03,Dwight Jefferson,5 days,72,2959.0,2.0,2,2
a1a9c0bd-785a-478f-a19e-9eb48fae0bd6,Amanda Price,3 days,71,2951.0,2.0,2,2
f11e8adf-a550-4e7a-ab81-dbccd952dff8,Daryl Mero,4 days,82,3125.0,2.0,2,2
f86853a2-acda-4319-a50c-03f014248042,James Manske,4 days,73,2915.0,2.0,2,2
fc17ca61-7c66-4ceb-8504-32f58b438b45,Cory Porter,3 days,72,2865.0,2.0,2,2
ae600af5-c1f0-4b1f-adb0-1b4c246373e4,Joseph Mills,4 days,66,2300.0,2.0,2,1
b1ceae0c-016d-421f-a6f0-488a7857f9f6,Amalia Young,4 days,68,2275.0,2.0,2,1
987b33de-7307-48c1-b34a-6c6806d7af67,Juan Martel,3 days,62,2671.0,2.0,1,2
acbac577-54c9-4476-af3c-a3241a3f4a19,Diane Martinez,4 days,59,2637.0,2.0,1,2
c8145b49-3841-466e-9d49-a636ce2e7d1f,Robert Holt,3 days,62,2600.0,2.0,1,2
108fc1be-9c15-440a-9cab-634c3f414dcc,Bill Nopper,3 days,52,2247.0,2.0,1,1
15cf4392-8541-422b-8957-a9c0380c11d9,Matthew Henning,4 days,61,1999.0,2.0,1,1
1a1be722-70b0-47e0-a737-1700cffa1e6d,Alan Rodriguez,3 days,43,1661.0,2.0,1,1
2941011b-f214-4430-8a14-e791ed0805bb,Frank Waggoner,3 days,43,1662.0,2.0,1,1
2a41e628-4cc5-4765-af2e-8b3dec750c0b,Ann Jarvi,4 days,54,1817.0,2.0,1,1
324e384a-9963-4d17-94aa-21859ea85062,George William,5 days,43,1738.0,2.0,1,1
34fcadd6-fa9b-4404-981a-c70c86cde556,Rosalee Jacinto,4 days,43,1697.0,2.0,1,1
40e643fb-369c-4ecb-beb7-810114f331fa,William Haynes,3 days,50,2252.0,2.0,1,1
47def058-01cc-478f-9830-eaddcccac633,Peter Moree,4 days,51,2214.0,2.0,1,1
55380131-13c6-4a5c-8826-ead0ea8895cc,James King,4 days,49,2136.0,2.0,1,1
69527334-c362-47df-87fc-5e2b5e2605e5,Gilbert Faire,4 days,43,1887.0,2.0,1,1
7dd7dec0-5758-4a6e-a7dd-27a20e57c757,Kathryn Henderson,4 days,49,1760.0,2.0,1,1
85a3acae-0e71-49f4-a6ee-13d3df1f4962,John Neal,5 days,45,1685.0,2.0,1,1
b0d6f088-ee97-4087-aeb1-4957f24a5f4d,Robert Ung,3 days,43,1696.0,2.0,1,1
cad2d54d-9555-4dfe-bfcd-7a584895a002,Minnie Summerlin,5 days,61,2389.0,2.0,1,1
df1e7940-d514-40aa-af3a-e742792c4b5e,William Schoen,3 days,45,1855.0,2.0,1,1
f5d9a26e-986d-4d8e-a1c9-69493fb64736,Cordelia King,4 days,45,2032.0,2.0,1,1
33a8d02a-e255-4ffe-9d90-2df8c2914077,Krystal Pauling,3 days,43,1477.0,2.0,1,0
95f4bf3f-7eb7-429a-9f48-0f7cbdf0beaa,Kenneth Elder,5 days,43,1563.0,2.0,1,0
007a1366-a46f-40f1-9ba5-01245aeaf20f,Kathryn Lowery,5 days,22,1132.0,2.0,0,0
0c5b0547-820a-4beb-832e-3162f74ccfa7,Rebecca Morrison,4 days,19,929.0,2.0,0,0
0d47a133-383b-4a9c-976c-697ac65ccb19,Jennifer Mcintosh,4 days,29,1136.0,2.0,0,0
122c3e03-0a96-4d62-9d17-27f8e2b6ba58,Rudolph Villena,4 days,37,1410.0,2.0,0,0
18421d97-6f86-4d21-a7b1-dcc57dd8be76,Harlan Ford,4 days,40,1488.0,2.0,0,0
1ff398e4-6b68-451d-9b00-2d2a565ba22a,Fae Bush,4 days,36,1561.0,2.0,0,0
22056f9e-4654-44e9-930d-2fabdeb80f95,Chester Smith,5 days,38,1450.0,2.0,0,0
31d378e7-9e95-4e8a-b564-7fd346027dfe,Kristina Pruett,5 days,30,1243.0,2.0,0,0
3c45659f-e24d-4b0d-8210-0b7704ea1ac6,Mary Judge,4 days,9,280.0,2.0,0,0
5a1ab9a3-1983-4021-9557-d3700a276746,Laura Walker,3 days,34,1112.0,2.0,0,0
5ff89fb3-b364-494f-b62d-07097b2ffa12,Suzanne Campbell,3 days,38,1284.0,2.0,0,0
6053d7e5-47da-4156-8b7c-dacf23a0e660,Matthew Brown,5 days,5,362.0,2.0,0,0
6e98e5c2-b7d7-4915-bb20-d01a42d29dee,William Cunningham,4 days,18,751.0,2.0,0,0
7719b807-bf22-4b36-8f69-44d9a87d239b,Myles Davis,4 days,19,946.0,2.0,0,0
77a7b81e-96f7-4e5a-92c7-5b07f7333913,Joyce Sanders,5 days,34,1270.0,2.0,0,0
8f41c07f-db4f-44f3-ae81-1f99cee047eb,Kristi Mccarthy,5 days,18,717.0,2.0,0,0
91fa7240-3d29-4dd0-baf1-ace7742a6e3f,Bessie Mcintyre,3 days,39,1458.0,2.0,0,0
a5c65404-5894-4b87-82f2-d787cbee86b4,Jaymie Hastings,4 days,28,1230.0,2.0,0,0
c924f935-cff8-45c0-b4b7-5ed2c6cdaac8,Marie Carrizales,4 days,35,1596.0,2.0,0,0
d2e48a3d-aeca-4b36-8550-f8cbb10d09b8,Helen Barette,3 days,23,742.0,2.0,0,0
e206e31b-5f85-4964-b6ea-d7ee5324def1,Jennifer Bjorkman,3 days,35,1456.0,2.0,0,0
e74edcea-5db4-4412-a4ce-eb7c5adc314a,Jeanie Kirn,3 days,27,1170.0,2.0,0,0
ec2729db-9794-466e-93ba-a19402e16bef,Johnny Nghe,5 days,30,1146.0,2.0,0,0
ed3494e3-695b-4068-a725-09c6cdf92d63,Mozelle Alligood,3 days,10,360.0,2.0,0,0
f41d30f1-50c3-419c-a2d8-9043c7e568ca,George Hope,4 days,24,954.0,2.0,0,0
fdbaec82-bc98-47b8-8fe6-4aec7524e8e3,Irene Marrow,4 days,7,310.0,2.0,0,0
05782669-264e-4c14-990e-14c8dbb13bef,Jerrie Criswell,6 days,118,4321.0,1.0,3,3
1add9169-fda0-4da2-82a0-4de3bf7ed8ca,Cynthia Cannon,7 days,100,4229.0,1.0,3,3
2ab641a8-6ad4-4d1a-8511-d87ff5346773,Kathy Johnson,9 days,91,3534.0,1.0,3,3
35d6a1f3-e358-4d4b-8074-05f3b7f35c2a,Oscar Gilman,6 days,91,3527.0,1.0,3,3
9a5c1dcc-d26b-4303-b487-3075e7d34e02,Robert King,10 days,96,3751.0,1.0,3,3
1ee25417-3648-4220-9b8f-fc82d1ef450c,Anne Carlson,6 days,66,2683.0,1.0,2,2
317c70d5-fe65-4663-afb1-150108e0e55c,Berry Prosper,7 days,68,2584.0,1.0,2,2
49da0743-cb4d-4c84-b6a2-537bbe7256d1,Susan Homes,9 days,64,2602.0,1.0,2,2
568e7c6f-b1e9-4a85-897c-aaaaa0ce8832,Orlando Sapp,6 days,71,2918.0,1.0,2,2
6ecb39b1-8f85-44f1-b2f3-0cffcba4d731,Clifford Hebert,6 days,87,3435.0,1.0,2,2
72f7f84c-5bcc-4380-81cd-3378ce0a1b32,Harold Miller,7 days,67,3078.0,1.0,2,2
948f7e9d-49bb-4770-bc9d-cb3fb65cca15,Ila Buck,7 days,72,2831.0,1.0,2,2
98411adf-cfc0-400d-aac8-e215571ef3f2,Ida Cantu,9 days,71,2969.0,1.0,2,2
a6f003be-b0fd-4100-b4cc-f568a21b9745,Antonia Pereira,7 days,64,2866.0,1.0,2,2
a81378a5-58de-4631-b2b1-3eca765f68c6,Sonia Durham,11 days,64,2840.0,1.0,2,2
bf721d00-4fa1-44b1-834f-4730cd51aefa,Tara Johnson,10 days,68,2500.0,1.0,2,2
c76c3393-88e2-47b0-ac37-dc4f2053f5a5,Gabriel Chauvin,10 days,74,2736.0,1.0,2,2
cbc99939-e6a6-4269-9819-bffce6f38751,Jose Suiter,8 days,73,2720.0,1.0,2,2
cf34e8ee-f508-47bc-baa1-bcc576e1084d,Nicholas Nickerson,8 days,70,3256.0,1.0,2,2
d71363d5-6468-44b0-b641-94c4776bce98,Mary Cox,11 days,73,3002.0,1.0,2,2
ef56931b-540b-4166-9090-73ae48ac8d97,Lydia Page,11 days,74,2635.0,1.0,2,2
f8926cfa-7036-4929-b5db-925c26daea1a,Mary Gingues,11 days,72,2903.0,1.0,2,2
f9ecf6a2-8402-43b3-bf22-8cd54394ea02,David Pujols,8 days,63,2726.0,1.0,2,2
104c4dcb-70d5-4d87-b5b5-8b67205891fe,Anita Gilliam,6 days,69,2199.0,1.0,2,1
168e6d97-0b9c-45d0-ba57-cabc8c60d428,Maria Simpson,9 days,63,2298.0,1.0,2,1
ade9db41-034e-4b27-befb-42117025dab0,Rebecca Hepler,11 days,63,2268.0,1.0,2,1
d56c9d87-7d56-4a5e-a0e8-bbc4ddc3242c,Amber Wooten,11 days,65,2396.0,1.0,2,1
6fb7ead6-71f3-4f57-94bd-18111fbc5e1a,Maria Kim,8 days,57,2538.0,1.0,1,2
ab9a4d70-3ae4-48d6-b161-c18bd687c3b4,Terry Huang,6 days,61,2465.0,1.0,1,2
bcdf88dc-2a52-4716-bc24-a1b46040c8ce,Edwin Raley,8 days,55,2544.0,1.0,1,2
f9775602-43ab-4d54-ad93-7c9a489879bc,Madeline Schleich,7 days,60,2630.0,1.0,1,2
08c64787-e47b-4a7f-b00b-5590eb5fbc3a,Sun Edwards,7 days,43,1767.0,1.0,1,1
163daa38-8b77-48c9-9af6-37a6c1447ac2,Helen Tuttle,7 days,46,2000.0,1.0,1,1
17bc2431-754a-46e8-81e2-32820d3fc612,Brain Duckworth,6 days,52,2102.0,1.0,1,1
23cc47ff-e5cd-4915-828d-258aefce5a14,Grant Chadwick,11 days,53,2191.0,1.0,1,1
26c6734f-42b6-48f8-a08e-e1c3a79019d0,Kerry Flores,8 days,49,2144.0,1.0,1,1
26c9a1fc-78b0-460b-8931-cec1dc87aa0d,Mabel Randall,7 days,60,2320.0,1.0,1,1
3954373b-2411-4d3a-98ba-03bafc1a1a6d,Raymond Clowney,9 days,56,2030.0,1.0,1,1
3d13e0d3-e765-4065-9221-3f864689b9e0,Mark Nettles,7 days,61,2332.0,1.0,1,1
3efc3621-873a-4b80-a0cb-27e531d600be,Benjamin Leon,11 days,48,1837.0,1.0,1,1
4baf648a-0ad5-412d-8250-5a0ff9289fbf,Winnie Bonita,7 days,55,2073.0,1.0,1,1
4c731e48-0377-4d7d-b4c8-b2174b774ed8,Gary Hill,7 days,45,1826.0,1.0,1,1
77908afa-eff6-49a9-b042-04fff799a0ff,Diane Hall,10 days,54,2049.0,1.0,1,1
79acce4b-b991-4a68-b762-d496686a4f32,Justin Tam,7 days,58,2224.0,1.0,1,1
7bf3ce80-784e-42a0-b06a-dbbd1e31a9b7,Norma George,9 days,62,2061.0,1.0,1,1
92423e9a-4e8c-49bc-be75-c819912696ce,Elida Jordon,8 days,53,1993.0,1.0,1,1
9a84c667-c913-47ce-be69-0f847dbfe0db,Daniel Gray,9 days,53,2101.0,1.0,1,1
9e9cf8e7-6731-47da-bc0f-3a487e835586,William Taylor,7 days,53,2421.0,1.0,1,1
9fbae7e6-65a9-4753-8db9-5f7855b6a540,Michele Calloway,9 days,41,1855.0,1.0,1,1
ad4bd878-55e7-487c-a4db-470b23bbd832,Eva Lollar,10 days,53,2165.0,1.0,1,1
b6fd2140-f8b9-498a-a07f-0dc9986736c6,Hazel Eisenhauer,7 days,42,1605.0,1.0,1,1
cd5fd7db-8715-41b7-8f4a-11a65b638d8e,Jean Alegre,11 days,44,1919.0,1.0,1,1
e2377b94-f06a-49ed-a266-377c4b07e980,Dirk Fletcher,10 days,62,2351.0,1.0,1,1
e32722f4-69b1-4aff-b13b-8928ea08fd6a,Margaret Spiro,9 days,56,2151.0,1.0,1,1
e79a2e98-57b4-4469-8da4-87f338460d42,Gilbert Griffin,8 days,56,2068.0,1.0,1,1
f7785ec1-7383-4815-8206-80de7c05fdf9,Deanna Craig,7 days,60,2427.0,1.0,1,1
fb4654ff-ce23-4a77-b52a-50f8948b5664,Jo Pearson,7 days,44,1855.0,1.0,1,1
6eb62858-f6f3-4846-8054-52df483979de,June Joseph,11 days,46,1567.0,1.0,1,0
7b7b5825-2ae1-4119-99a7-e638f13267a0,Raymond Schmidt,10 days,45,1597.0,1.0,1,0
054b5d2a-7ee3-49c8-912a-1cf58389ae60,Walter Lund,6 days,40,1635.0,1.0,0,1
375985a6-ae79-43d2-b7c6-b182d83f1eaf,Jackie Jones,10 days,37,1608.0,1.0,0,1
1798905d-6c3a-4e5d-a9d1-ce429b1260d7,Billy Alberts,6 days,16,702.0,1.0,0,0
19fa2bc2-96ab-45b6-99de-1995c2bee330,Rita Jones,6 days,10,371.0,1.0,0,0
1e6db00c-22dd-4ae9-80e3-95f7a88b18b8,Paul Wiese,8 days,22,1072.0,1.0,0,0
1f81cb56-5258-4f9e-ab2c-4dfb581b44cb,Dennis Salazar,8 days,18,739.0,1.0,0,0
2026ccb6-77b2-494c-9b6b-a5d32aa86776,James Pao,10 days,22,730.0,1.0,0,0
23a48585-f2cf-4a20-8d30-f49361d5625c,Jessica Gray,9 days,22,760.0,1.0,0,0
241d5c6e-06c7-491b-b23e-f8d6ddc0240a,Amy Fernandez,11 days,39,1548.0,1.0,0,0
2af7f476-41b6-4147-aac7-0bbcb5043895,Thomas Goehner,7 days,9,284.0,1.0,0,0
3205ad12-726a-4b65-a15a-1a899a9d310b,Deborah Jackson,11 days,36,1408.0,1.0,0,0
3663e3e6-3d5c-4ed9-a6af-1e680ec5f34b,Cordelia Reny,7 days,39,1548.0,1.0,0,0
392bf6a1-dd73-48a5-9fd9-431749f2a8ef,Mary Hamby,9 days,12,437.0,1.0,0,0
3ae50cc3-39cc-440a-8e31-3215011f2762,Crystal Dukes,11 days,18,793.0,1.0,0,0
3eb6dad3-c017-4e77-8920-fbdea84b0acc,Doris Jenkins,8 days,31,1193.0,1.0,0,0
4027aa31-4bda-4e1d-92f7-49de962e8da9,Stacy Parker,10 days,22,735.0,1.0,0,0
48e26178-5cdd-4568-9990-d3bc5937910b,Benjamin Baker,9 days,28,1139.0,1.0,0,0
4bc62825-3109-4796-9465-1bf853165347,Billie Frank,10 days,36,1391.0,1.0,0,0
4eed2f45-f040-4995-a60f-472af1ff379a,Larry Richards,11 days,33,1551.0,1.0,0,0
5d454588-283d-459d-915d-c48a2cb4c27f,Richard Smith,10 days,32,1238.0,1.0,0,0
624db443-c716-4227-ac84-a6f7c3a59162,Victor Chapmon,10 days,33,1446.0,1.0,0,0
63e07d14-7bed-44b8-9cf0-4a7e9b2a99ea,Bonnie Castillo,6 days,40,1392.0,1.0,0,0
69f2735b-eee6-4fc1-a934-b31c20beb780,Meagan Starr,9 days,5,312.0,1.0,0,0
73a9e869-62a6-4508-b146-20dc9de19276,Michael Bowman,11 days,36,1499.0,1.0,0,0
7f8ef27a-73f4-4bc1-aa62-f8aaea817294,David Watkins,8 days,7,340.0,1.0,0,0
808f5b0d-17e3-44e1-b58e-7f35ebabaff2,Sommer Battles,10 days,37,1154.0,1.0,0,0
80e03bc0-fc8f-475b-a4dd-870844b7a313,Juanita Williams,7 days,38,1224.0,1.0,0,0
9210e8dd-d2a2-4ea7-8cbd-f37e1e8efea5,Leroy Whitmore,8 days,5,189.0,1.0,0,0
92b87fa5-f271-43e0-af66-84fac21052e6,Myrtis Clark,7 days,37,1454.0,1.0,0,0
9bb5d084-0b28-4352-8591-5b5a4efecdf0,Robert Bijou,8 days,21,794.0,1.0,0,0
b0c22f82-b882-4394-bf27-6dfadf26e5c2,Anthony Keil,6 days,34,1267.0,1.0,0,0
b1954833-b6a5-4c6c-9709-80686b7768c4,Jacob Mcwhite,6 days,20,652.0,1.0,0,0
b596e7d8-dd3f-4125-8b99-4bf2283657cd,James Rowley,7 days,33,1468.0,1.0,0,0
b76ebf8d-3f04-4e7f-aec8-22575f68d9e2,Michael Deltoro,7 days,33,1237.0,1.0,0,0
b8c653b5-0118-4d7e-9bde-07c2de90f0ff,William Paiva,11 days,23,848.0,1.0,0,0
c07fd88f-9e7b-47eb-8477-8fcbffb7c5c8,Mary Stassi,7 days,38,1328.0,1.0,0,0
c834ba1d-8a10-4984-aaf2-7c2eab207076,Michael Beasley,8 days,22,1009.0,1.0,0,0
cfe50481-7c50-48fa-97fa-89b6f137e1bd,Ruth Palmer,7 days,7,330.0,1.0,0,0
d51a3403-8bab-4d88-af4f-a429c6d8c168,Alan Rice,6 days,36,1528.0,1.0,0,0
db0066e1-83cc-43f3-990b-983010aa5370,Marion Stecklein,8 days,28,1414.0,1.0,0,0
dd118345-3ba6-4800-9686-d5479fee403d,Christopher Mitchell,6 days,31,1143.0,1.0,0,0
e377a5c2-0378-4684-b7d1-5d80e04243ed,Kim Ruiz,6 days,32,926.0,1.0,0,0
e8c9386c-8fbc-40cc-9587-ccb912ec5c10,Maryann Gillis,10 days,16,654.0,1.0,0,0
eb74e88c-1bf5-402f-987e-90a5977ae1e3,Julio Tiano,7 days,29,1044.0,1.0,0,0
ef147ea5-9696-44d5-b6c2-a43f62fd8ce2,Anne Davies,10 days,31,1227.0,1.0,0,0
f50ac030-3af8-4e07-aacf-dccff353b8f6,Andrea Fay,9 days,16,741.0,1.0,0,0
4cbd005f-69d5-4a83-9947-7009f69c0e7d,Mary Vasquez,13 days,133,5271.0,0.0,3,3
78703a69-8edc-458f-b0fc-85d96501dcdc,Patrick Dahlman,17 days,99,4188.0,0.0,3,3
dcc6000c-ba92-472c-8bc1-9e9ca30b475b,Randal Davis,14 days,101,4403.0,0.0,3,3
94bf7864-a52e-405e-a729-9702bf79c234,Pamela Jones,15 days,94,3202.0,0.0,3,2
e6a52b6a-20ec-4b09-bbb7-4a1138014985,Mari Gonzalez,13 days,92,3270.0,0.0,3,2
30be2156-59d1-451e-beea-1a3690200a2b,David Gafford,14 days,76,3169.0,0.0,2,2
40f15350-9ac3-4b6c-83c3-51cc7945dd01,Steven Galeana,12 days,72,3043.0,0.0,2,2
4ce3f877-96ea-4a37-8107-1176126d9d97,Carmen Wynne,14 days,69,2694.0,0.0,2,2
de39bbda-66a8-4c52-835a-7a104cf7f081,William Lewis,13 days,66,2782.0,0.0,2,2
ef629f00-391d-4a79-af74-77a9afdbbd41,Maria Steele,13 days,77,2894.0,0.0,2,2
23483ddd-e43e-4c5f-a1b7-5392410aa8d1,Kristen Morin,14 days,59,2628.0,0.0,1,2
0f21b6d6-7be6-484c-9698-d851ad7d43c5,Vito Hodges,21 days,53,2224.0,0.0,1,1
1bcc3c26-e82e-40f4-9d16-3311c8c1ddf6,Charles Mondesir,12 days,48,2071.0,0.0,1,1
1ea3d5d6-7e6d-4554-b31d-ea31dc2150f9,Michael Dwyer,13 days,47,1684.0,0.0,1,1
2aae6657-1214-4119-8cde-6b0dc5cd5529,Christopher Gipson,18 days,60,2190.0,0.0,1,1
2bd9c167-e06c-47c1-a978-3403d6724606,Hazel Neville,14 days,44,1987.0,0.0,1,1
4dc7482d-e44b-47cc-bc27-7bf663497997,Rachel Taylor,18 days,42,1652.0,0.0,1,1
4fe1900d-5e78-41a3-88ed-18e6889c6c77,Wallace Nyberg,24 days,54,2239.0,0.0,1,1
54a8e072-5369-4122-9189-43b55e1a4ba2,Micheal Vargas,15 days,56,2322.0,0.0,1,1
80c36ce2-2cef-4a47-a563-d2a60a2b1825,James Bradley,25 days,45,1861.0,0.0,1,1
877ce8ba-564f-4b86-9cdc-94a93d9a7997,Javier Johnson,18 days,41,1703.0,0.0,1,1
89572273-761e-46f3-8b99-1689d98aac90,William Shatley,12 days,45,1779.0,0.0,1,1
92c3576c-8634-42a8-8005-6e1ff8c207e8,Patrick Ponce,14 days,51,2129.0,0.0,1,1
9bbcd241-2de4-4a55-a3fe-2292cfbdc11c,Randy Huynh,22 days,43,1843.0,0.0,1,1
9ed68c70-13fd-4346-808f-2665943c46d6,Maritza Kahola,13 days,47,1721.0,0.0,1,1
b827588c-31b2-47f3-916a-a1dbf7987f50,Vincent Bland,14 days,50,1913.0,0.0,1,1
caa8605b-5cd3-49d0-a680-2a6e9f3bf0a5,Katherine Robinson,12 days,45,1882.0,0.0,1,1
d97f6964-a2d4-4d55-8f3d-5b4aac2f569f,Erin Stanley,13 days,46,1782.0,0.0,1,1
5897490a-0aaa-49c9-b63e-0da83088e3e0,Tyler Roosa,29 days,43,1297.0,0.0,1,0
8c9c5ee7-9c8c-4842-bbd1-1d1e51da8164,Jeremy Rooney,24 days,41,1399.0,0.0,1,0
d55f3314-96cc-4a5d-b650-f43f094cd3c3,Ruben Herring,25 days,43,1542.0,0.0,1,0
a710ab29-b72a-42c8-a79b-42e63d4a8bfd,Sally Phillips,12 days,40,1857.0,0.0,0,1
b841358a-d8ff-412e-b940-3a95fd31291b,John Arnaud,13 days,39,1676.0,0.0,0,1
002cd824-10f2-447c-8d1c-940325a1cdf4,Deborah Eastes,38 days,13,671.0,0.0,0,0
04e52602-e370-4a99-bfda-f0c1655058da,Mark Turpin,93 days,4,210.0,0.0,0,0
07061727-dc05-4411-ab78-79f95b1869a9,Lana Forrest,32 days,9,390.0,0.0,0,0
0828c4e1-63ec-4121-aa07-eefd37954bb9,Violet Thomas,50 days,11,439.0,0.0,0,0
0871bb31-3d6e-4e4c-ab19-95a262cac0d4,Jose Pankratz,29 days,18,694.0,0.0,0,0
094fbe49-da84-4445-9d28-7fc5f593f5ad,Susan Dodd,15 days,40,1389.0,0.0,0,0
0c347562-ce55-450b-91ab-0707662b36f5,Julia Rivera,23 days,9,294.0,0.0,0,0
109782f9-4141-4d5a-826f-9a4ea672f65b,Todd Veasey,33 days,21,591.0,0.0,0,0
10f311c3-f547-4260-8c0e-a155008b7936,James Moore,18 days,13,539.0,0.0,0,0
1545ddaf-2b75-4143-82fe-b88966aee4fb,Donald Smart,12 days,19,842.0,0.0,0,0
1582dac6-ebec-43ed-a34a-1a202ca72627,Marguerite Mccoy,57 days,38,1435.0,0.0,0,0
15c2ba5b-eeb6-4d9b-a0e2-7d5461a21c0a,Garrett Lewis,18 days,13,494.0,0.0,0,0
15e325b1-c221-4bf8-8010-18d76b03646e,Brittany Miller,94 days,15,634.0,0.0,0,0
1932a904-86ba-4438-bb52-b7e6516a4019,Louise Laramore,14 days,27,1109.0,0.0,0,0
1e571af5-1796-424c-b744-a925897d44a3,Wanda Gross,26 days,29,1097.0,0.0,0,0
1f7e22c8-558a-4b6f-a04f-b219593f029e,Tracey Corbett,23 days,4,160.0,0.0,0,0
2129de92-ee91-425f-a854-07c553ee0b74,Donna Folsom,24 days,9,550.0,0.0,0,0
242a3620-fc18-4120-ac72-37b0f3716879,Jim Whitehead,17 days,38,1596.0,0.0,0,0
248a8f9f-10ac-4786-adfb-d0c3dd4e4b97,Addie Ippolito,17 days,23,1024.0,0.0,0,0
2ad548cd-a899-4992-972b-92cde9cea8f1,Donna Adams,124 days,6,241.0,0.0,0,0
2c32ac39-926d-4473-801f-5733222ad74f,Jack Rennie,56 days,7,250.0,0.0,0,0
2ef20e99-8be8-4ab6-a817-83991f7a0fa3,Antonia Witt,158 days,5,140.0,0.0,0,0
31ff6616-c1dc-4b9a-8091-0b4d0cac25b1,Edna Horner,16 days,11,364.0,0.0,0,0
334e2fe8-6f2c-424c-8ed5-12c99f048722,Roberto Mcnair,16 days,23,1041.0,0.0,0,0
346174b1-4661-4cdd-8c47-66dbd013cd56,William Christensen,48 days,14,591.0,0.0,0,0
37867a23-d07b-4990-8fa8-d694cf7d3b1b,Kera Delarosa,25 days,36,1389.0,0.0,0,0
3b751c3f-bab7-4b2b-a95f-10d57c02aa6a,Dena Brandon,17 days,19,776.0,0.0,0,0
3e65775b-36e4-495d-9c45-28127fb3da5f,Richard Seago,21 days,37,1403.0,0.0,0,0
41b0ee09-2868-4c4b-a22d-b533a7fa46af,Cristi Miller,23 days,23,1249.0,0.0,0,0
427fa55b-7f49-4981-bcd7-59fee8efb512,Perry North,14 days,38,1416.0,0.0,0,0
4291e9a9-b4a8-42e1-b032-520b16f93888,Taylor Webster,67 days,2,115.0,0.0,0,0
45064aca-5e28-4b1f-be64-202fc5e0daba,Celia Tucker,285 days,2,42.0,0.0,0,0
4edc3d1a-a7d9-4db6-89c3-f784d9954172,Michelle Bell,29 days,15,698.0,0.0,0,0
4fe420fa-a193-4408-bd5d-62a020233609,Charles Taylor,25 days,17,765.0,0.0,0,0
542041fb-f361-4353-b0f0-442c1585317a,Oma Aldridge,25 days,30,1233.0,0.0,0,0
54729154-eb5c-413a-8837-887365057910,Ricky Reeves,126 days,10,425.0,0.0,0,0
56b8948a-68bd-425f-b842-eabe6bcfacca,Wanda Perry,66 days,23,874.0,0.0,0,0
56e65b5b-e1b4-4f67-b596-e75bf103783b,Helen Carter,49 days,7,270.0,0.0,0,0
571d7193-a3e6-4909-b25c-e891fc126f31,Michael Allen,20 days,9,372.0,0.0,0,0
583f2bde-886d-4cf3-a5c4-7cb60cd25df3,Alan Moskowitz,47 days,25,1215.0,0.0,0,0
5870e611-6218-48e1-a9a0-ba86fe5598f7,Mary Carlin,20 days,35,1215.0,0.0,0,0
5b3b843e-7c66-4eac-82b6-8d6f7a19277c,Lloyd Gabert,22 days,27,991.0,0.0,0,0
5c433d28-dfb7-4456-a468-dc3705147ce0,Kory Jacobs,24 days,20,684.0,0.0,0,0
5fbf758a-376b-472c-8aca-a87ff1db3e6d,Hannah Stiles,56 days,12,467.0,0.0,0,0
600118fa-e6f4-4d74-aeb6-936abbbf38a1,Darrell Becker,18 days,24,1023.0,0.0,0,0
68724f58-bc4d-4ab0-a4e1-60cdd5e95e7d,Harold Holbert,21 days,27,1078.0,0.0,0,0
6978b891-dea2-4217-8bc8-47d5aa25e743,Steven Taylor,27 days,18,835.0,0.0,0,0
69fcad9e-45a9-4189-b7e1-96b26c57c542,Norbert Hudnell,18 days,34,1258.0,0.0,0,0
6e9c7f30-264a-4aa0-b3ac-36e852d10906,Linda Zettlemoyer,32 days,10,505.0,0.0,0,0
7000ac2e-87a0-4e23-b342-5f150e03f9ef,Gerald Travis,16 days,8,305.0,0.0,0,0
71519e2e-6e97-4b73-a346-cc3a91cb4661,Carlos Rushing,27 days,5,305.0,0.0,0,0
740a4abd-187d-4783-990b-161c52fb5f86,Cherie Scheuer,107 days,1,45.0,0.0,0,0
766886c9-a63a-4446-bb4a-07d611b3b212,Lance Spencer,84 days,4,140.0,0.0,0,0
7918d465-0953-4f20-9e28-539e74c82e2f,Lesley Franich,114 days,9,375.0,0.0,0,0
7d624010-a0e7-455b-a606-48c5c467dd80,Larry Mcgee,103 days,3,207.0,0.0,0,0
80c9ce48-46f9-4f5e-b3ca-3b698fc2e949,Joyce Batts,37 days,32,915.0,0.0,0,0
85eca06e-b8db-4fd9-b083-da47572c40b2,Kenneth Frye,43 days,5,130.0,0.0,0,0
89d6bd9d-ce6b-42e5-bb9b-ece3b338396d,Henry Landis,133 days,13,463.0,0.0,0,0
8af596f3-c67c-4f40-a0cc-e258e730a8f5,Kenneth Meyn,22 days,34,1292.0,0.0,0,0
8d67b1c4-cd76-4701-a908-738e7a2411e7,Katie Cooper,21 days,36,1493.0,0.0,0,0
8f3d5674-544d-4f70-b4c1-7b9d93371855,John Rancourt,187 days,3,80.0,0.0,0,0
922d93a7-d56a-4e74-b1bf-1e7bab42dcc4,Alma Lema,21 days,14,462.0,0.0,0,0
939dbcf5-024b-4e63-9e7e-2f15c8b346ba,Stanley Gough,43 days,19,791.0,0.0,0,0
93dd80c0-4ff2-42ed-9949-1621b0a68c63,Linda Weissgerber,180 days,1,5.0,0.0,0,0
95023c1b-04b7-4efd-ab34-61a4a70bb9d8,Arthur Wittmer,19 days,28,1019.0,0.0,0,0
98511140-45c4-4faa-9962-fea5ad618ea3,Michael Villegas,34 days,33,1181.0,0.0,0,0
9a5aca53-6263-485a-bf77-e60c4608fd26,Timothy Crum,95 days,3,195.0,0.0,0,0
9b6d35f9-5e15-4cd0-a8d7-b1f3340e02c4,Donna Valdovinos,16 days,35,1298.0,0.0,0,0
9d0a0b94-b081-40d7-bf56-6f8f4750dbaf,Raymond Wander,39 days,20,805.0,0.0,0,0
9fb4ce88-fac1-406c-8544-1a899cee7aaf,Jess Avila,14 days,10,447.0,0.0,0,0
a6e32004-8866-40e5-aaeb-e159c13fd42a,Ruth Wilkins,26 days,31,1410.0,0.0,0,0
a8d09ab9-44c6-493c-afdf-93888822a4b0,Brady Novak,52 days,22,903.0,0.0,0,0
aa71ef91-252d-4c99-92ad-cf617f09fced,Rose Cook,85 days,9,317.0,0.0,0,0
ac4e6ee0-d1bd-4e6b-9355-7567b3e3ec5e,Charles Browder,94 days,3,87.0,0.0,0,0
acd90ee9-84cd-465e-88e3-f128dd0cc1da,Thomas Shoemaker,26 days,18,934.0,0.0,0,0
af647535-dae8-4ca3-9203-bf4bfc607ffe,Michael Newell,14 days,14,502.0,0.0,0,0
b4a6b3ac-b6af-4525-8d59-7afc00ff279d,Benny Addison,29 days,1,30.0,0.0,0,0
b6d04982-1509-41ab-a700-b390d6cb4d02,Michelle Limerick,69 days,36,1556.0,0.0,0,0
b726d35b-6345-4ed9-8431-fc75e38ba179,Frances Powell,19 days,28,904.0,0.0,0,0
b7b551bd-8cdd-44f3-aef8-29bf82b51535,Myrtis Isaacs,218 days,9,396.0,0.0,0,0
b7e4b060-7b74-408f-b7d7-67a5e1dbfce3,Crystal Scott,20 days,38,1438.0,0.0,0,0
bbe8f83c-af9c-4dab-b5fa-7925822e450d,Dona Rivera,52 days,7,262.0,0.0,0,0
bbef3be1-172e-44bb-be3b-013140707ecf,Marie Laflam,13 days,25,866.0,0.0,0,0
c1c53b8c-b6a8-4343-a369-4a0595a97807,Willie Green,12 days,36,1541.0,0.0,0,0
c5d04879-87bd-4950-9e63-334382ef53af,Willie Poole,19 days,29,1163.0,0.0,0,0
c7b6e374-1bef-48c3-8222-cc231dbd5cce,Justin Hooper,31 days,13,621.0,0.0,0,0
c880dbc5-8997-4f38-9055-c254b9133175,Lois Wallen,13 days,24,1059.0,0.0,0,0
cafa0d07-63be-4b5b-bc7f-c4f4091d403d,Eleanor Reyes,65 days,4,205.0,0.0,0,0
ce7c338c-cad4-408f-895b-510ca73a388b,Carmen Sander,14 days,31,1420.0,0.0,0,0
d4dc38d4-5c80-428f-95da-b746a275531c,Timothy Martin,132 days,6,287.0,0.0,0,0
d6204684-926d-41db-ae9c-a7bf2e76313a,Jeffery Zerbe,40 days,12,457.0,0.0,0,0
d9aab962-e964-4afd-83ee-abda0865da67,Belle Walks,12 days,27,1189.0,0.0,0,0
dbacabf8-7ebd-4f22-a261-59d8dad306f1,Maxine Wilson,40 days,4,187.0,0.0,0,0
de1d478e-3552-4223-b039-d3086cc485ec,Robert Sommer,20 days,20,589.0,0.0,0,0
e8849148-1482-4926-9f28-a537630b9ba2,Sharon Lindsey,15 days,26,1028.0,0.0,0,0
f02267ef-8974-43f5-9a2f-03d2c8ec22ca,Gary Hines,34 days,25,994.0,0.0,0,0
f182f7d5-e202-4e89-832e-02205dd2ff02,Alice Oh,273 days,2,60.0,0.0,0,0
f46eee2a-6024-4046-a6f4-5232366edb87,Thomas Wickman,13 days,23,673.0,0.0,0,0
f4ed8f9c-5eac-4d77-a206-c60afda2921a,Shirley Peredo,26 days,34,1344.0,0.0,0,0
f7d73e35-248c-4369-9e4d-1f38bea06a5f,Dawn Marr,19 days,5,225.0,0.0,0,0
fa3e42f0-71d8-455f-b024-e52d5c27a145,Dayna Walton,12 days,27,1213.0,0.0,0,0
fd4da61a-5102-4311-8b9f-2ec57bfac6b1,Bruce Porter,13 days,36,1554.0,0.0,0,0
fd7396b2-a18b-449c-b326-e676aebd7776,Douglas Colon,50 days,22,1158.0,0.0,0,0
fe0e2711-bad0-4a0a-90fa-b2d9e8c773a8,Melvin Wright,39 days,12,297.0,0.0,0,0
fe1c151b-1a95-43fa-9a4c-f3214adba852,Anthony Doty,114 days,10,404.0,0.0,0,0
